Holding,Symbol,Weighting
Apple Inc.,AAPL,4.73%
Microsoft Corporation,MSFT,3.89%
"Amazon.com, Inc.",AMZN,2.48%
Tesla Inc,TSLA,1.46%
Alphabet Inc. Class A,GOOGL,1.41%
Alphabet Inc. Class C,GOOG,1.35%
Meta Platforms Inc. Class A,FB,1.32%
NVIDIA Corporation,NVDA,1.21%
UnitedHealth Group Incorporated,UNH,0.76%
JPMorgan Chase & Co.,JPM,0.76%
Johnson & Johnson,JNJ,0.71%
"Home Depot, Inc.",HD,0.68%
Berkshire Hathaway Inc. Class B,BRK.B,0.63%
Procter & Gamble Company,PG,0.63%
Nestle S.A.,NESN,0.63%
Visa Inc. Class A,V,0.59%
Bank of America Corp,BAC,0.54%
ASML Holding NV,ASML,0.53%
Pfizer Inc.,PFE,0.52%
Mastercard Incorporated Class A,MA,0.51%
Roche Holding Ltd,ROG,0.47%
Walt Disney Company,DIS,0.45%
Broadcom Inc.,AVGO,0.44%
"Netflix, Inc.",NFLX,0.43%
Adobe Inc.,ADBE,0.43%
"Cisco Systems, Inc.",CSCO,0.43%
Accenture Plc Class A,ACN,0.42%
Exxon Mobil Corporation,XOM,0.42%
Thermo Fisher Scientific Inc.,TMO,0.41%
Costco Wholesale Corporation,COST,0.4%
"salesforce.com, inc.",CRM,0.4%
Abbott Laboratories,ABT,0.4%
"AbbVie, Inc.",ABBV,0.38%
Coca-Cola Company,KO,0.38%
"PepsiCo, Inc.",PEP,0.38%
LVMH Moet Hennessy Louis Vuitton SE,MC,0.37%
Comcast Corporation Class A,CMCSA,0.37%
Chevron Corporation,CVX,0.37%
Eli Lilly and Company,LLY,0.36%
Walmart Inc.,WMT,0.35%
Verizon Communications Inc.,VZ,0.35%
Intel Corporation,INTC,0.34%
"PayPal Holdings, Inc.",PYPL,0.34%
"NIKE, Inc. Class B",NKE,0.34%
Qualcomm Inc,QCOM,0.33%
Danaher Corporation,DHR,0.33%
McDonald\'s Corporation,MCD,0.32%
Wells Fargo & Company,WFC,0.32%
"Merck & Co., Inc.",MRK,0.31%
Novartis AG,NOVN,0.31%
Toyota Motor Corp.,7203,0.31%
Novo Nordisk A/S Class B,NOVO.B,0.3%
"Advanced Micro Devices, Inc.",AMD,0.3%
AstraZeneca PLC,AZN,0.29%
"NextEra Energy, Inc.",NEE,0.29%
"Lowe\'s Companies, Inc.",LOW,0.28%
Texas Instruments Incorporated,TXN,0.28%
Intuit Inc.,INTU,0.28%
Linde plc,LIN,0.28%
AT&T Inc.,T,0.28%
Sony Group Corporation,6758,0.26%
Union Pacific Corporation,UNP,0.26%
"Shopify, Inc. Class A",SHOP,0.26%
"United Parcel Service, Inc. Class B",UPS,0.25%
Oracle Corporation,ORCL,0.24%
Royal Bank of Canada,RY,0.24%
Philip Morris International Inc.,PM,0.23%
"Applied Materials, Inc.",AMAT,0.23%
SAP SE,SAP,0.23%
Honeywell International Inc.,HON,0.23%
Unilever PLC,ULVR,0.22%
Morgan Stanley,MS,0.22%
Toronto-Dominion Bank,TD,0.22%
Medtronic Plc,MDT,0.22%
CVS Health Corporation,CVS,0.22%
Bristol-Myers Squibb Company,BMY,0.22%
"BlackRock, Inc.",BLK,0.22%
Starbucks Corporation,SBUX,0.22%
Amgen Inc.,AMGN,0.21%
American Tower Corporation,AMT,0.21%
Siemens AG,SIE,0.21%
"Goldman Sachs Group, Inc.",GS,0.21%
"ServiceNow, Inc.",NOW,0.21%
Raytheon Technologies Corporation,RTX,0.21%
"Intuitive Surgical, Inc.",ISRG,0.21%
TotalEnergies SE,TTE,0.21%
Commonwealth Bank of Australia,CBA,0.21%
"Prologis, Inc.",PLD,0.2%
AIA Group Limited,1299,0.2%
Charles Schwab Corporation,SCHW,0.2%
HSBC Holdings Plc,HSBA,0.2%
Keyence Corporation,6861,0.2%
Citigroup Inc.,C,0.2%
Diageo plc,DGE,0.2%
International Business Machines Corporation,IBM,0.19%
L\'Oreal SA,OR,0.19%
Sanofi,SAN,0.18%
American Express Company,AXP,0.18%
"S&P Global, Inc.",SPGI,0.18%
Caterpillar Inc.,CAT,0.18%
Boeing Company,BA,0.18%
"Zoetis, Inc. Class A",ZTS,0.18%
"Anthem, Inc.",ANTM,0.18%
"Micron Technology, Inc.",MU,0.17%
General Electric Company,GE,0.17%
Target Corporation,TGT,0.17%
Schneider Electric SE,SU,0.17%
GlaxoSmithKline plc,GSK,0.17%
"Automatic Data Processing, Inc.",ADP,0.17%
3M Company,MMM,0.16%
Deere & Company,DE,0.16%
Booking Holdings Inc.,BKNG,0.16%
Lam Research Corporation,LRCX,0.16%
ConocoPhillips,COP,0.16%
CSL Limited,CSL,0.16%
"Analog Devices, Inc.",ADI,0.15%
Allianz SE,ALV,0.15%
"Mondelez International, Inc. Class A",MDLZ,0.15%
Royal Dutch Shell Plc Class A,RDSA,0.15%
"Gilead Sciences, Inc.",GILD,0.15%
BP p.l.c.,BP,0.15%
Stryker Corporation,SYK,0.15%
Tokyo Electron Ltd.,8035,0.14%
Crown Castle International Corp,CCI,0.14%
Sherwin-Williams Company,SHW,0.14%
BHP Group Ltd,BHP,0.14%
Chubb Limited,CB,0.14%
Lockheed Martin Corporation,LMT,0.14%
Estee Lauder Companies Inc. Class A,EL,0.14%
Altria Group Inc,MO,0.14%
"PNC Financial Services Group, Inc.",PNC,0.14%
TJX Companies Inc,TJX,0.14%
Blackstone Inc.,BX,0.14%
Bank of Nova Scotia,BNS,0.14%
Canadian National Railway Company,CNR,0.14%
Brookfield Asset Management Inc. Class A,BAM.A,0.14%
"Marsh & McLennan Companies, Inc.",MMC,0.14%
Duke Energy Corporation,DUK,0.13%
"Charter Communications, Inc. Class A",CHTR,0.13%
CME Group Inc. Class A,CME,0.13%
Air Liquide SA,AI,0.13%
Royal Dutch Shell Plc Class B,RDSB,0.13%
British American Tobacco p.l.c.,BATS,0.13%
Compagnie Financiere Richemont SA,CFR,0.13%
CSX Corporation,CSX,0.13%
"Recruit Holdings Co., Ltd.",6098,0.13%
Edwards Lifesciences Corporation,EW,0.13%
"Moderna, Inc.",MRNA,0.13%
U.S. Bancorp,USB,0.13%
Ford Motor Company,F,0.13%
"Marvell Technology, Inc.",MRVL,0.12%
Prosus N.V. Class N,PRX,0.12%
BNP Paribas SA Class A,BNP,0.12%
Truist Financial Corporation,TFC,0.12%
"Intercontinental Exchange, Inc.",ICE,0.12%
Norfolk Southern Corporation,NSC,0.12%
Cigna Corporation,CI,0.12%
Enbridge Inc.,ENB,0.12%
Airbus SE,AIR,0.12%
Illinois Tool Works Inc.,ITW,0.12%
Rio Tinto plc,RIO,0.12%
General Motors Company,GM,0.12%
"Equinix, Inc.",EQIX,0.12%
"T-Mobile US, Inc.",TMUS,0.12%
Iberdrola SA,IBE,0.11%
"Air Products and Chemicals, Inc.",APD,0.11%
KLA Corporation,KLAC,0.11%
Daimler AG,DAI,0.11%
Colgate-Palmolive Company,CL,0.11%
"Snowflake, Inc. Class A",SNOW,0.11%
Zurich Insurance Group Ltd,ZURN,0.11%
Moody\'s Corporation,MCO,0.11%
National Australia Bank Limited,NAB,0.11%
Aon Plc Class A,AON,0.11%
Bank of Montreal,BMO,0.11%
"Fidelity National Information Services, Inc.",FIS,0.11%
"Regeneron Pharmaceuticals, Inc.",REGN,0.11%
Eaton Corp. Plc,ETN,0.11%
"Waste Management, Inc.",WM,0.11%
"Mitsubishi UFJ Financial Group, Inc.",8306,0.11%
"Becton, Dickinson and Company",BDX,0.11%
Southern Company,SO,0.11%
"Freeport-McMoRan, Inc.",FCX,0.1%
Enel SpA,ENEL,0.1%
Lonza Group AG,LONN,0.1%
Deutsche Telekom AG,DTE,0.1%
Sika AG,SIKA,0.1%
UBS Group AG,UBSG,0.1%
Ecolab Inc.,ECL,0.1%
NXP Semiconductors NV,NXPI,0.1%
ABB Ltd.,ABBN,0.1%
BHP Group Plc,BHP,0.1%
Progressive Corporation,PGR,0.1%
"Autodesk, Inc.",ADSK,0.1%
Capital One Financial Corporation,COF,0.1%
FedEx Corporation,FDX,0.1%
HCA Healthcare Inc,HCA,0.1%
Dominion Energy Inc,D,0.1%
Infineon Technologies AG,IFX,0.1%
RELX PLC,REL,0.1%
Humana Inc.,HUM,0.1%
"Fiserv, Inc.",FISV,0.1%
Block Inc Class A,SQ,0.1%
EssilorLuxottica SA,EL,0.1%
"DAIKIN INDUSTRIES, LTD.",6367,0.1%
Reckitt Benckiser Group plc,RKT,0.1%
BASF SE,BAS,0.1%
Deutsche Post AG,DPW,0.1%
Boston Scientific Corporation,BSX,0.1%
Shin-Etsu Chemical Co Ltd,4063,0.1%
"MercadoLibre, Inc.",MELI,0.09%
Public Storage,PSA,0.09%
"Synopsys, Inc.",SNPS,0.09%
Nidec Corporation,6594,0.09%
Hermes International SCA,RMS,0.09%
Emerson Electric Co.,EMR,0.09%
Vertex Pharmaceuticals Incorporated,VRTX,0.09%
AXA SA,CS,0.09%
Westpac Banking Corporation,WBC,0.09%
"Illumina, Inc.",ILMN,0.09%
"Xilinx, Inc.",XLNX,0.09%
Northrop Grumman Corporation,NOC,0.09%
Anglo American plc,AAL,0.09%
SoftBank Group Corp.,9984,0.09%
ING Groep NV,INGA,0.09%
"IDEXX Laboratories, Inc.",IDXX,0.09%
Exelon Corporation,EXC,0.09%
"Banco Santander, S.A.",SAN,0.09%
Kering SA,KER,0.09%
adidas AG,ADS,0.09%
VINCI SA,DG,0.09%
TE Connectivity Ltd.,TEL,0.09%
Australia and New Zealand Banking Group Limited,ANZ,0.09%
Johnson Controls International plc,JCI,0.09%
"Palo Alto Networks, Inc.",PANW,0.09%
HOYA CORPORATION,7741,0.09%
IQVIA Holdings Inc,IQV,0.09%
BlackRock Cash Funds Treasury SL Agency Shares,Other,0.08%
Adyen NV,ADYEN,0.08%
Dollar General Corporation,DG,0.08%
"DexCom, Inc.",DXCM,0.08%
Kimberly-Clark Corporation,KMB,0.08%
Trane Technologies plc,TT,0.08%
Macquarie Group Limited,MQG,0.08%
Newmont Corporation,NEM,0.08%
"Fortinet, Inc.",FTNT,0.08%
Canadian Imperial Bank of Commerce,CM,0.08%
"Align Technology, Inc.",ALGN,0.08%
Bank of New York Mellon Corporation,BK,0.08%
Wesfarmers Limited,WES,0.08%
"Roper Technologies, Inc.",ROP,0.08%
Bayer AG,BAYN,0.08%
"Agilent Technologies, Inc.",A,0.08%
Glencore plc,GLEN,0.08%
National Grid plc,NG,0.08%
IHS Markit Ltd.,INFO,0.08%
"Activision Blizzard, Inc.",ATVI,0.08%
"Chipotle Mexican Grill, Inc.",CMG,0.08%
"Workday, Inc. Class A",WDAY,0.08%
Hong Kong Exchanges & Clearing Ltd.,388,0.08%
KDDI Corporation,9433,0.08%
Canadian Pacific Kansas City Limited,CP,0.08%
General Dynamics Corporation,GD,0.08%
Centene Corporation,CNC,0.08%
"Simon Property Group, Inc.",SPG,0.08%
Canadian Natural Resources Limited,CNQ,0.08%
MSCI Inc. Class A,MSCI,0.08%
Pernod Ricard SA,RI,0.08%
Lululemon Athletica Inc,LULU,0.08%
"Snap, Inc. Class A",SNAP,0.08%
"Honda Motor Co., Ltd.",7267,0.08%
"O\'Reilly Automotive, Inc.",ORLY,0.08%
"EOG Resources, Inc.",EOG,0.08%
"Digital Realty Trust, Inc.",DLR,0.08%
"Hitachi,Ltd.",6501,0.08%
"Uber Technologies, Inc.",UBER,0.08%
Amphenol Corporation Class A,APH,0.08%
Microchip Technology Incorporated,MCHP,0.08%
"Nintendo Co., Ltd.",7974,0.08%
Givaudan SA,GIVN,0.08%
"Cadence Design Systems, Inc.",CDNS,0.08%
Schlumberger NV,SLB,0.07%
"Sumitomo Mitsui Financial Group, Inc.",8316,0.07%
"Dow, Inc.",DOW,0.07%
DBS Group Holdings Ltd,D05,0.07%
"American Electric Power Company, Inc.",AEP,0.07%
Cintas Corporation,CTAS,0.07%
"Paychex, Inc.",PAYX,0.07%
"Murata Manufacturing Co., Ltd.",6981,0.07%
"PPG Industries, Inc.",PPG,0.07%
CRH Plc,CRG,0.07%
Vodafone Group Plc,VOD,0.07%
"AutoZone, Inc.",AZO,0.07%
Marathon Petroleum Corporation,MPC,0.07%
"Marriott International, Inc. Class A",MAR,0.07%
L3Harris Technologies Inc,LHX,0.07%
Atlas Copco AB Class A,ATCO.A,0.07%
Investor AB Class B,INVE.B,0.07%
Hilton Worldwide Holdings Inc,HLT,0.07%
Anheuser-Busch InBev SA/NV,ABI,0.07%
"Motorola Solutions, Inc.",MSI,0.07%
HP Inc.,HPQ,0.07%
Aptiv PLC,APTV,0.07%
Safran S.A.,SAF,0.07%
"MetLife, Inc.",MET,0.07%
Takeda Pharmaceutical Co. Ltd.,4502,0.07%
Cognizant Technology Solutions Corporation Class A,CTSH,0.07%
"Daiichi Sankyo Company, Limited",4568,0.07%
Intesa Sanpaolo S.p.A.,ISP,0.07%
"Trade Desk, Inc. Class A",TTD,0.07%
Barclays PLC,BARC,0.07%
Munich Reinsurance Company,MUV2,0.07%
Lloyds Banking Group plc,LLOY,0.07%
"Twilio, Inc. Class A",TWLO,0.07%
DSV A/S,DSV,0.07%
"Constellation Brands, Inc. Class A",STZ,0.07%
Carrier Global Corp.,CARR,0.07%
Experian PLC,EXPN,0.07%
"Prudential Financial, Inc.",PRU,0.07%
Alcon AG,ALC,0.07%
Nutrien Ltd.,NTR,0.07%
Pioneer Natural Resources Company,PXD,0.07%
Baxter International Inc.,BAX,0.07%
Prudential plc,PRU,0.07%
"Yum! Brands, Inc.",YUM,0.07%
Parker-Hannifin Corporation,PH,0.07%
T. Rowe Price Group,TROW,0.07%
"DuPont de Nemours, Inc.",DD,0.07%
"American International Group, Inc.",AIG,0.07%
eBay Inc.,EBAY,0.07%
TC Energy Corporation,TRP,0.07%
Sempra Energy,SRE,0.07%
Mitsubishi Corporation,8058,0.07%
SBA Communications Corp. Class A,SBAC,0.07%
U.S. Dollar,Other,0.06%
Volkswagen AG Pref,VOW3,0.06%
STMicroelectronics NV,STM,0.06%
"Welltower, Inc.",WELL,0.06%
Realty Income Corporation,O,0.06%
Nordea Bank Abp,NDA.SE,0.06%
Allstate Corporation,ALL,0.06%
"D.R. Horton, Inc.",DHI,0.06%
"ANSYS, Inc.",ANSS,0.06%
"Waste Connections, Inc.",WCN,0.06%
Capgemini SE,CAP,0.06%
Arthur J. Gallagher & Co.,AJG,0.06%
"Ross Stores, Inc.",ROST,0.06%
SoftBank Corp.,9434,0.06%
"Travelers Companies, Inc.",TRV,0.06%
Fastenal Company,FAST,0.06%
Keysight Technologies Inc,KEYS,0.06%
Itochu Corporation,8001,0.06%
First Republic Bank,FRC,0.06%
Nippon Telegraph and Telephone Corporation,9432,0.06%
Ferguson Plc,FERG,0.06%
Biogen Inc.,BIIB,0.06%
"Zoom Video Communications, Inc. Class A",ZM,0.06%
"Match Group, Inc.",MTCH,0.06%
"Airbnb, Inc. Class A",ABNB,0.06%
ResMed Inc.,RMD,0.06%
DENSO CORPORATION,6902,0.06%
Manulife Financial Corporation,MFC,0.06%
SVB Financial Group,SIVB,0.06%
Xcel Energy Inc.,XEL,0.06%
Global Payments Inc.,GPN,0.06%
"AvalonBay Communities, Inc.",AVB,0.06%
Suncor Energy Inc.,SU,0.06%
Partners Group Holding AG,PGHN,0.06%
Compass Group PLC,CPG,0.06%
Verisk Analytics Inc,VRSK,0.06%
Nokia Oyj,NOKIA,0.06%
Ashtead Group plc,AHT,0.06%
Archer-Daniels-Midland Company,ADM,0.06%
"Industria de Diseno Textil, S.A.",ITX,0.06%
Corteva Inc,CTVA,0.06%
"Oriental Land Co., Ltd.",4661,0.06%
Monster Beverage Corporation,MNST,0.06%
SMC Corporation,6273,0.06%
International Flavors & Fragrances Inc.,IFF,0.06%
McKesson Corporation,MCK,0.06%
Fanuc Corporation,6954,0.06%
Constellation Software Inc.,CSU,0.06%
Mettler-Toledo International Inc.,MTD,0.06%
Discover Financial Services,DFS,0.06%
Woolworths Group Ltd,WOW,0.06%
Equifax Inc.,EFX,0.06%
"EPAM Systems, Inc.",EPAM,0.06%
"Rockwell Automation, Inc.",ROK,0.06%
"General Mills, Inc.",GIS,0.06%
Eni S.p.A.,ENI,0.06%
Otis Worldwide Corporation,OTIS,0.06%
Compagnie de Saint-Gobain SA,SGO,0.06%
Koninklijke DSM N.V.,DSM,0.06%
"CBRE Group, Inc. Class A",CBRE,0.06%
Veeva Systems Inc Class A,VEEV,0.06%
"Banco Bilbao Vizcaya Argentaria, S.A.",BBVA,0.06%
"Twitter, Inc.",TWTR,0.06%
Danone SA,BN,0.06%
Walgreens Boots Alliance Inc,WBA,0.06%
"Ameriprise Financial, Inc.",AMP,0.06%
Sysco Corporation,SYY,0.06%
"Old Dominion Freight Line, Inc.",ODFL,0.06%
"Mitsui & Co.,Ltd",8031,0.06%
"CrowdStrike Holdings, Inc. Class A",CRWD,0.06%
KKR & Co. Inc.,KKR,0.06%
Electronic Arts Inc.,EA,0.06%
Stellantis N.V.,STLA,0.06%
Koninklijke Ahold Delhaize N.V.,AD,0.06%
Dassault Systemes SA,DSY,0.06%
Koninklijke Philips N.V.,PHIA,0.06%
Aflac Incorporated,AFL,0.06%
Vonovia SE,VNA,0.06%
Sea Ltd. (Singapore) Sponsored ADR Class A,SE,0.05%
Laboratory Corporation of America Holdings,LH,0.05%
"MongoDB, Inc. Class A",MDB,0.05%
"American Water Works Company, Inc.",AWK,0.05%
Cummins Inc.,CMI,0.05%
"Seven & I Holdings Co., Ltd.",3382,0.05%
Goodman Group,GMG,0.05%
Cloudflare Inc Class A,NET,0.05%
"Copart, Inc.",CPRT,0.05%
Weyerhaeuser Company,WY,0.05%
London Stock Exchange Group plc,LSEG,0.05%
E.ON SE,EOAN,0.05%
Zebra Technologies Corporation Class A,ZBRA,0.05%
Lennar Corporation Class A,LEN,0.05%
ON Semiconductor Corporation,ON,0.05%
"Techtronic Industries Co., Ltd.",669,0.05%
"CoStar Group, Inc.",CSGP,0.05%
Vestas Wind Systems A/S,VWS,0.05%
Devon Energy Corporation,DVN,0.05%
Barrick Gold Corporation,ABX,0.05%
Valero Energy Corporation,VLO,0.05%
Heineken NV,HEIA,0.05%
Nucor Corporation,NUE,0.05%
Amadeus IT Group SA Class A,AMS,0.05%
PACCAR Inc,PCAR,0.05%
Astellas Pharma Inc.,4503,0.05%
State Street Corporation,STT,0.05%
"Tokio Marine Holdings, Inc.",8766,0.05%
Corning Inc,GLW,0.05%
Merck KGaA,MRK,0.05%
"Mizuho Financial Group, Inc.",8411,0.05%
Public Service Enterprise Group Inc,PEG,0.05%
"Stanley Black & Decker, Inc.",SWK,0.05%
Fifth Third Bancorp,FITB,0.05%
Hexagon AB Class B,HEXA.B,0.05%
Sandvik AB,SAND,0.05%
"HubSpot, Inc.",HUBS,0.05%
UniCredit S.p.A.,UCG,0.05%
Cellnex Telecom S.A.,CLNX,0.05%
Willis Towers Watson Public Limited Company,WLTW,0.05%
Tesco PLC,TSCO,0.05%
"Dollar Tree, Inc.",DLTR,0.05%
ASSA ABLOY AB Class B,ASSA.B,0.05%
Eversource Energy,ES,0.05%
Datadog Inc Class A,DDOG,0.05%
"Republic Services, Inc.",RSG,0.05%
"Alexandria Real Estate Equities, Inc.",ARE,0.05%
Volvo AB Class B,VOLV.B,0.05%
Telefonaktiebolaget LM Ericsson Class B,ERIC.B,0.05%
Legrand SA,LR,0.05%
Sun Life Financial Inc.,SLF,0.05%
Fujitsu Limited,6702,0.05%
Ferrari NV,RACE,0.05%
TransDigm Group Incorporated,TDG,0.05%
Equity Residential,EQR,0.05%
"Williams Companies, Inc.",WMB,0.05%
Geberit AG,GEBN,0.05%
Kroger Co.,KR,0.05%
WEC Energy Group Inc,WEC,0.05%
Oversea-Chinese Banking Corporation Limited,O39,0.05%
Bayerische Motoren Werke AG,BMW,0.05%
Deutsche Boerse AG,DB1,0.05%
CDW Corp.,CDW,0.05%
"West Pharmaceutical Services, Inc.",WST,0.05%
"DocuSign, Inc.",DOCU,0.05%
Swiss Re AG,SREN,0.05%
"AMETEK, Inc.",AME,0.05%
"Arista Networks, Inc.",ANET,0.05%
Phillips 66,PSX,0.05%
Wolters Kluwer NV,WKL,0.05%
Alimentation Couche-Tard Inc. Class A,ATD,0.05%
Ball Corporation,BLL,0.05%
Palantir Technologies Inc. Class A,PLTR,0.05%
"FAST RETAILING CO., LTD.",9983,0.05%
"Consolidated Edison, Inc.",ED,0.05%
Transurban Group Ltd.,TCL,0.05%
Extra Space Storage Inc.,EXR,0.05%
Kinder Morgan Inc Class P,KMI,0.05%
Mitsubishi Electric Corp.,6503,0.04%
"Sun Communities, Inc.",SUI,0.04%
Pool Corporation,POOL,0.04%
Veolia Environnement SA,VIE,0.04%
"Tyson Foods, Inc. Class A",TSN,0.04%
Tractor Supply Company,TSCO,0.04%
Keurig Dr Pepper Inc.,KDP,0.04%
FirstEnergy Corp.,FE,0.04%
Bridgestone Corporation,5108,0.04%
Ingersoll Rand Inc.,IR,0.04%
Telefonica SA,TEF,0.04%
United Overseas Bank Ltd. (Singapore),U11,0.04%
"VMware, Inc. Class A",VMW,0.04%
SEGRO plc,SGRO,0.04%
Duke Realty Corporation,DRE,0.04%
Albemarle Corporation,ALB,0.04%
"W.W. Grainger, Inc.",GWW,0.04%
"Skyworks Solutions, Inc.",SWKS,0.04%
Rio Tinto Limited,RIO,0.04%
"M3, Inc.",2413,0.04%
"Expedia Group, Inc.",EXPE,0.04%
TransUnion,TRU,0.04%
"Teradyne, Inc.",TER,0.04%
Huntington Bancshares Incorporated,HBAN,0.04%
"Avantor, Inc.",AVTR,0.04%
Credit Suisse Group AG,CSGN,0.04%
LyondellBasell Industries NV,LYB,0.04%
Ameren Corporation,AEE,0.04%
BAE Systems plc,BA,0.04%
RWE AG,RWE,0.04%
Teleperformance SA,TEP,0.04%
"Mid-America Apartment Communities, Inc.",MAA,0.04%
Orsted,ORSTED,0.04%
ORIX Corporation,8591,0.04%
Canon Inc.,7751,0.04%
Seagate Technology Holdings PLC,STX,0.04%
Evolution AB,EVO,0.04%
National Bank of Canada,NA,0.04%
Terumo Corporation,4543,0.04%
Magna International Inc.,MG,0.04%
FUJIFILM Holdings Corp,4901,0.04%
"Zimmer Biomet Holdings, Inc.",ZBH,0.04%
Horizon Therapeutics Public Limited Company,HZNP,0.04%
Brown-Forman Corporation Class B,BF.B,0.04%
Cerner Corporation,CERN,0.04%
"Okta, Inc. Class A",OKTA,0.04%
KeyCorp,KEY,0.04%
Hershey Company,HSY,0.04%
Vulcan Materials Company,VMC,0.04%
Fortis Inc.,FTS,0.04%
"VeriSign, Inc.",VRSN,0.04%
"Roku, Inc. Class A",ROKU,0.04%
"ONEOK, Inc.",OKE,0.04%
V.F. Corporation,VFC,0.04%
"McCormick & Company, Incorporated",MKC,0.04%
Skandinaviska Enskilda Banken AB Class A,SEB.A,0.04%
Edison International,EIX,0.04%
Japan Tobacco Inc.,2914,0.04%
Genmab A/S,GMAB,0.04%
Fortive Corp.,FTV,0.04%
"Hartford Financial Services Group, Inc.",HIG,0.04%
"Etsy, Inc.",ETSY,0.04%
"Expeditors International of Washington, Inc.",EXPD,0.04%
Kraft Heinz Company,KHC,0.04%
Olympus Corp.,7733,0.04%
Intact Financial Corporation,IFC,0.04%
ENGIE SA.,ENGI,0.04%
Sonova Holding AG,SOON,0.04%
Compagnie Generale des Etablissements Michelin SCA,ML,0.04%
Legal & General Group Plc,LGEN,0.04%
Occidental Petroleum Corporation,OXY,0.04%
Kao Corp.,4452,0.04%
Franco-Nevada Corporation,FNV,0.04%
Entergy Corporation,ETR,0.04%
Kubota Corporation,6326,0.04%
PPL Corporation,PPL,0.04%
Equinor ASA,EQNR,0.04%
Deutsche Bank AG,DBK,0.04%
Atlas Copco AB Class B,ATCO.B,0.04%
"Church & Dwight Co., Inc.",CHD,0.04%
STERIS Plc,STE,0.04%
"Gartner, Inc.",IT,0.04%
Trimble Inc.,TRMB,0.04%
Fortescue Metals Group Ltd,FMG,0.04%
"Enphase Energy, Inc.",ENPH,0.04%
Liberty Broadband Corp. Class C,LBRDK,0.04%
"Martin Marietta Materials, Inc.",MLM,0.04%
SSE plc,SSE,0.04%
Dover Corporation,DOV,0.04%
Sampo Oyj Class A,SAMPO,0.04%
Synchrony Financial,SYF,0.04%
"Zscaler, Inc.",ZS,0.04%
Kone Oyj Class B,KNEBV,0.04%
Societe Generale S.A. Class A,GLE,0.04%
Flutter Entertainment Plc,FLTR,0.04%
"United Rentals, Inc.",URI,0.04%
DTE Energy Company,DTE,0.04%
"Invitation Homes, Inc.",INVH,0.04%
Assicurazioni Generali S.p.A.,G,0.04%
"Nasdaq, Inc.",NDAQ,0.04%
Waters Corporation,WAT,0.04%
"Best Buy Co., Inc.",BBY,0.04%
"Cheniere Energy, Inc.",LNG,0.04%
Northern Trust Corporation,NTRS,0.04%
Panasonic Corporation,6752,0.04%
"Essex Property Trust, Inc.",ESS,0.04%
Generac Holdings Inc.,GNRC,0.04%
Holcim Ltd,HOLN,0.04%
"Shiseido Company,Limited",4911,0.04%
James Hardie Industries PLC Chess Units of Foreign Securities,JHX,0.03%
Sartorius AG Pref,SRT3,0.03%
"JAPAN POST HOLDINGS Co., Ltd.",6178,0.03%
Fresenius SE & Co. KGaA,FRE,0.03%
Siemens Healthineers AG,SHL,0.03%
OMRON Corporation,6645,0.03%
"Evergy, Inc.",EVRG,0.03%
"Entegris, Inc.",ENTG,0.03%
AmerisourceBergen Corporation,ABC,0.03%
Shimano Inc.,7309,0.03%
"Hologic, Inc.",HOLX,0.03%
"Dai-ichi Life Holdings,Inc.",8750,0.03%
PG&E Corporation,PCG,0.03%
Coloplast A/S Class B,COLO.B,0.03%
Eurofins Scientific Societe Europeenne,ERF,0.03%
"J.B. Hunt Transport Services, Inc.",JBHT,0.03%
Clorox Company,CLX,0.03%
"DoorDash, Inc. Class A",DASH,0.03%
Aviva plc,AV,0.03%
CLP Holdings Limited,2,0.03%
Croda International Plc,CRDA,0.03%
"NVR, Inc.",NVR,0.03%
"CF Industries Holdings, Inc.",CF,0.03%
CMS Energy Corporation,CMS,0.03%
Straumann Holding AG,STMN,0.03%
arGEN-X SE,ARGX,0.03%
"Conagra Brands, Inc.",CAG,0.03%
BT Group plc,BT.A,0.03%
"Principal Financial Group, Inc.",PFG,0.03%
ArcelorMittal SA,MT,0.03%
"Domino\'s Pizza, Inc.",DPZ,0.03%
"Raymond James Financial, Inc.",RJF,0.03%
Hewlett Packard Enterprise Co.,HPE,0.03%
"Bath & Body Works, Inc.",BBWI,0.03%
Regions Financial Corporation,RF,0.03%
Garmin Ltd.,GRMN,0.03%
"CenterPoint Energy, Inc.",CNP,0.03%
Catalent Inc,CTLT,0.03%
Repsol SA,REP,0.03%
"Rivian Automotive, Inc. Class A",RIVN,0.03%
"SS&C Technologies Holdings, Inc.",SSNC,0.03%
Kyocera Corporation,6971,0.03%
Link Real Estate Investment Trust,823,0.03%
Ulta Beauty Inc,ULTA,0.03%
ASM International N.V.,ASM,0.03%
Halliburton Company,HAL,0.03%
Textron Inc.,TXT,0.03%
Eastman Chemical Company,EMN,0.03%
"Darden Restaurants, Inc.",DRI,0.03%
Unicharm Corporation,8113,0.03%
"Chugai Pharmaceutical Co., Ltd.",4519,0.03%
Credit Agricole SA,ACA,0.03%
Swedbank AB Class A,SWED.A,0.03%
Cenovus Energy Inc.,CVE,0.03%
3i Group plc,III,0.03%
International Paper Company,IP,0.03%
"Diamondback Energy, Inc.",FANG,0.03%
"Pinterest, Inc. Class A",PINS,0.03%
Swiss Life Holding AG,SLHN,0.03%
"ABIOMED, Inc.",ABMD,0.03%
Carnival Corporation,CCL,0.03%
Wheaton Precious Metals Corp,WPM,0.03%
Amcor PLC,AMCR,0.03%
Orange SA,ORA,0.03%
Masco Corporation,MAS,0.03%
Kerry Group Plc Class A,KRZ,0.03%
Novozymes A/S Class B,NZYM.B,0.03%
"Brown & Brown, Inc.",BRO,0.03%
Essity AB Class B,ESSITY.B,0.03%
Caesars Entertainment Inc,CZR,0.03%
Symrise AG,SY1,0.03%
"Bill.com Holdings, Inc.",BILL,0.03%
"NetApp, Inc.",NTAP,0.03%
Jacobs Engineering Group Inc.,J,0.03%
SGS SA,SGSN,0.03%
Kellogg Company,K,0.03%
LKQ Corporation,LKQ,0.03%
Rogers Communications Inc. Class B,RCI.B,0.03%
ViacomCBS Inc. Class B,VIAC,0.03%
Toshiba Corporation,6502,0.03%
Kingspan Group Plc,KRX,0.03%
NortonLifeLock Inc.,NLOK,0.03%
Avery Dennison Corporation,AVY,0.03%
IDEX Corporation,IEX,0.03%
"UDR, Inc.",UDR,0.03%
NatWest Group Plc,NWG,0.03%
Quest Diagnostics Incorporated,DGX,0.03%
Alliant Energy Corp,LNT,0.03%
Advantest Corp.,6857,0.03%
"Daiwa House Industry Co., Ltd.",1925,0.03%
CNH Industrial NV,CNHI,0.03%
DNB Bank ASA,DNB,0.03%
"Nuance Communications, Inc.",NUAN,0.03%
Arch Capital Group Ltd.,ACGL,0.03%
NIBE Industrier AB Class B,NIBE.B,0.03%
AES Corporation,AES,0.03%
"Viatris, Inc.",VTRS,0.03%
Renesas Electronics Corporation,6723,0.03%
MGM Resorts International,MGM,0.03%
Akzo Nobel N.V.,AKZA,0.03%
"Qorvo, Inc.",QRVO,0.03%
"Shionogi & Co., Ltd.",4507,0.03%
"Live Nation Entertainment, Inc.",LYV,0.03%
"Seagen, Inc.",SGEN,0.03%
Thomson Reuters Corporation,TRI,0.03%
"Boston Properties, Inc.",BXP,0.03%
Dell Technologies Inc Class C,DELL,0.03%
Teledyne Technologies Incorporated,TDY,0.03%
CK Hutchison Holdings Ltd,1,0.03%
"Broadridge Financial Solutions, Inc.",BR,0.03%
"Take-Two Interactive Software, Inc.",TTWO,0.03%
Canadian Pacific Kansas City Limited,CP,0.03%
Universal Music Group N.V.,UMG,0.03%
Insulet Corporation,PODD,0.03%
Baker Hughes Company Class A,BKR,0.03%
"Alnylam Pharmaceuticals, Inc",ALNY,0.03%
Camden Property Trust,CPT,0.03%
Markel Corporation,MKL,0.03%
Aristocrat Leisure Limited,ALL,0.03%
Delivery Hero SE,DHER,0.03%
Komatsu Ltd.,6301,0.03%
Pembina Pipeline Corporation,PPL,0.03%
Cincinnati Financial Corporation,CINF,0.03%
Zalando SE,ZAL,0.03%
Erste Group Bank AG,EBS,0.03%
Splunk Inc.,SPLK,0.03%
"Akamai Technologies, Inc.",AKAM,0.03%
KBC Group N.V.,KBC,0.03%
Coles Group Ltd.,COL,0.03%
"PerkinElmer, Inc.",PKI,0.03%
Lasertec Corp.,6920,0.03%
Hess Corporation,HES,0.03%
"CarMax, Inc.",KMX,0.03%
BioMarin Pharmaceutical Inc.,BMRN,0.03%
TDK Corporation,6762,0.03%
Celanese Corporation,CE,0.03%
Power Corporation of Canada,POW,0.03%
A.P. Moller - Maersk A/S Class B,MAERSK.B,0.03%
Carvana Co. Class A,CVNA,0.03%
"Mitsui Fudosan Co., Ltd.",8801,0.03%
Sysmex Corporation,6869,0.03%
Kuehne & Nagel International AG,KNIN,0.03%
Masimo Corporation,MASI,0.03%
Xylem Inc.,XYL,0.03%
Standard Chartered PLC,STAN,0.03%
"Tyler Technologies, Inc.",TYL,0.03%
MarketAxess Holdings Inc.,MKTX,0.03%
Genuine Parts Company,GPC,0.03%
Signature Bank,SBNY,0.03%
FactSet Research Systems Inc.,FDS,0.03%
Sumitomo Corporation,8053,0.03%
Restaurant Brands International Inc,QSR,0.03%
Hong Kong & China Gas Co. Ltd.,3,0.03%
CGI Inc. Class A,GIB.A,0.03%
"Healthpeak Properties, Inc.",PEAK,0.03%
"Cooper Companies, Inc.",COO,0.03%
Ally Financial Inc,ALLY,0.03%
"Ventas, Inc.",VTR,0.03%
WPP Plc,WPP,0.03%
"Asahi Group Holdings,Ltd.",2502,0.03%
"Paycom Software, Inc.",PAYC,0.03%
WSP Global Inc.,WSP,0.03%
Neste Corporation,NESTE,0.03%
NICE Ltd,NICE,0.03%
"Burlington Stores, Inc.",BURL,0.03%
Halma plc,HLMA,0.03%
UPM-Kymmene Oyj,UPM,0.03%
"Charles River Laboratories International, Inc.",CRL,0.03%
Bio-Techne Corporation,TECH,0.03%
"Monolithic Power Systems, Inc.",MPWR,0.03%
Western Digital Corporation,WDC,0.03%
"Molina Healthcare, Inc.",MOH,0.03%
"Citizens Financial Group, Inc.",CFG,0.03%
"FLEETCOR Technologies, Inc.",FLT,0.03%
East Japan Railway Company,9020,0.03%
Imperial Brands PLC,IMB,0.03%
"Mitsubishi Estate Company, Limited",8802,0.03%
Central Japan Railway Company,9022,0.03%
Epiroc AB Class A,EPI.A,0.03%
EQT AB,EQT,0.03%
Sun Hung Kai Properties Limited,16,0.03%
"Bio-Rad Laboratories, Inc. Class A",BIO,0.03%
M&T Bank Corporation,MTB,0.03%
Westinghouse Air Brake Technologies Corporation,WAB,0.03%
Carlsberg AS Class B,CARL.B,0.03%
Royal Caribbean Group,RCL,0.03%
VICI Properties Inc,VICI,0.03%
Teva Pharmaceutical Industries Limited Sponsored ADR,TEVA,0.02%
Chocoladefabriken Lindt & Spruengli AG Partizipsch.,LISP,0.02%
Henkel AG & Co. KGaA Pref,HEN3,0.02%
Schindler Holding AG Pref,SCHP,0.02%
Porsche Automobil Holding SE Pref,PAH3,0.02%
Metro Inc.,MRU,0.02%
FMC Corporation,FMC,0.02%
Athene Holding Ltd. Class A,ATH,0.02%
IMCD N.V.,IMCD,0.02%
"Medical Properties Trust, Inc.",MPW,0.02%
"Japan Exchange Group, Inc.",8697,0.02%
Julius Baer Gruppe AG,BAER,0.02%
"Fortune Brands Home & Security, Inc.",FBHS,0.02%
Lennox International Inc.,LII,0.02%
PTC Inc.,PTC,0.02%
Regency Centers Corporation,REG,0.02%
Worldline SA,WLN,0.02%
HEICO Corporation Class A,HEI.A,0.02%
Pandora A/S,PNDORA,0.02%
Suzuki Motor Corp.,7269,0.02%
Bank Hapoalim BM,POLI,0.02%
Temenos AG,TEMN,0.02%
"ONO Pharmaceutical Co., Ltd.",4528,0.02%
Bunzl plc,BNZL,0.02%
ASX Limited,ASX,0.02%
"Teladoc Health, Inc.",TDOC,0.02%
Next plc,NXT,0.02%
"SolarEdge Technologies, Inc.",SEDG,0.02%
Pentair plc,PNR,0.02%
IAC/InteractiveCorp.,IAC,0.02%
Hormel Foods Corporation,HRL,0.02%
"Zendesk, Inc.",ZEN,0.02%
NTT DATA Corporation,9613,0.02%
Robert Half International Inc.,RHI,0.02%
Fresenius Medical Care AG & Co. KGaA,FME,0.02%
Liberty Media Corp. Series C Liberty Formula One,FWONK,0.02%
Bank Leumi Le-Israel Ltd.,LUMI,0.02%
Cochlear Limited,COH,0.02%
Omnicom Group Inc,OMC,0.02%
Svenska Cellulosa AB Class B,SCA.B,0.02%
Barratt Developments PLC,BDEV,0.02%
Whirlpool Corporation,WHR,0.02%
South32 Ltd.,S32,0.02%
"Nitori Holdings Co., Ltd.",9843,0.02%
Agnico Eagle Mines Limited,AEM,0.02%
Rolls-Royce Holdings plc,RR,0.02%
Jardine Matheson Holdings Limited,J36,0.02%
Snap-on Incorporated,SNA,0.02%
LEG Immobilien SE,LEG,0.02%
Sage Group plc,SGE,0.02%
"PulteGroup, Inc.",PHM,0.02%
"Hang Seng Bank, Limited",11,0.02%
QBE Insurance Group Limited,QBE,0.02%
Power Assets Holdings Limited,6,0.02%
10x Genomics Inc Class A,TXG,0.02%
"Crown Holdings, Inc.",CCK,0.02%
"Novavax, Inc.",NVAX,0.02%
Groupe Bruxelles Lambert SA,GBLB,0.02%
"C.H. Robinson Worldwide, Inc.",CHRW,0.02%
J.M. Smucker Company,SJM,0.02%
Atmos Energy Corporation,ATO,0.02%
Svenska Handelsbanken AB Class A,SHB.A,0.02%
"Cardinal Health, Inc.",CAH,0.02%
Packaging Corporation of America,PKG,0.02%
"Fidelity National Financial, Inc. - FNF Group",FNF,0.02%
Cboe Global Markets Inc,CBOE,0.02%
Bunge Limited,BG,0.02%
Dollarama Inc.,DOL,0.02%
Kingfisher Plc,KGF,0.02%
Getinge AB Class B,GETI.B,0.02%
Brenntag SE,BNR,0.02%
Covestro AG,1COV,0.02%
Siemens Energy AG,ENR,0.02%
Royal KPN NV,KPN,0.02%
"Everest Re Group, Ltd.",RE,0.02%
Check Point Software Technologies Ltd.,CHKP,0.02%
"Wayfair, Inc. Class A",W,0.02%
"Hasbro, Inc.",HAS,0.02%
Telenor ASA,TEL,0.02%
United Utilities Group PLC,UU,0.02%
"Sumitomo Electric Industries, Ltd.",5802,0.02%
BorgWarner Inc.,BWA,0.02%
"Host Hotels & Resorts, Inc.",HST,0.02%
"Franklin Resources, Inc.",BEN,0.02%
WestRock Company,WRK,0.02%
"Advance Auto Parts, Inc.",AAP,0.02%
HeidelbergCement AG,HEI,0.02%
Misumi Group Inc.,9962,0.02%
Continental AG,CON,0.02%
"OBIC Co., Ltd.",4684,0.02%
Plug Power Inc.,PLUG,0.02%
"MS&AD Insurance Group Holdings, Inc.",8725,0.02%
"Kirin Holdings Company, Limited",2503,0.02%
Telstra Corporation Limited,TLS,0.02%
Stora Enso Oyj Class R,STERV,0.02%
Smurfit Kappa Group Plc,SK3,0.02%
"F5, Inc.",FFIV,0.02%
H&M Hennes & Mauritz AB Class B,HM.B,0.02%
Melrose Industries PLC,MRO,0.02%
Z Holdings Corporation,4689,0.02%
Shaw Communications Inc. Class B,SJR.B,0.02%
Nippon Yusen Kabushiki Kaisha,9101,0.02%
Rentokil Initial plc,RTO,0.02%
"Vail Resorts, Inc.",MTN,0.02%
"AMC Entertainment Holdings, Inc. Class A",AMC,0.02%
"Lumen Technologies, Inc.",LUMN,0.02%
Fair Isaac Corporation,FICO,0.02%
PUMA SE,PUM,0.02%
Yaskawa Electric Corporation,6506,0.02%
Cognex Corporation,CGNX,0.02%
Bureau Veritas SA,BVI,0.02%
UCB S.A.,UCB,0.02%
Investor AB Class A,INVE.A,0.02%
Sartorius Stedim Biotech SA,DIM,0.02%
"Ceridian HCM Holding, Inc.",CDAY,0.02%
"Jack Henry & Associates, Inc.",JKHY,0.02%
Afterpay Limited,APT,0.02%
Vistra Corp.,VST,0.02%
Shimadzu Corporation,7701,0.02%
Howmet Aerospace Inc.,HWM,0.02%
Smith & Nephew PLC,SN,0.02%
"Leidos Holdings, Inc.",LDOS,0.02%
Hannover Rueck SE,HNR1,0.02%
"AEON Co., Ltd.",8267,0.02%
Lincoln National Corporation,LNC,0.02%
Incyte Corporation,INCY,0.02%
Ocado Group PLC,OCDO,0.02%
RPM International Inc.,RPM,0.02%
Fox Corporation Class A,FOXA,0.02%
MTU Aero Engines AG,MTX,0.02%
Severn Trent Plc,SVT,0.02%
Heineken Holding N.V.,HEIO,0.02%
"Peloton Interactive, Inc. Class A",PTON,0.02%
"Iron Mountain, Inc.",IRM,0.02%
Beiersdorf AG,BEI,0.02%
Vivendi SE,VIV,0.02%
InterContinental Hotels Group PLC,IHG,0.02%
Publicis Groupe SA,PUB,0.02%
Teleflex Incorporated,TFX,0.02%
QIAGEN NV,QIA,0.02%
"Coinbase Global, Inc. Class A",COIN,0.02%
"Coupa Software, Inc.",COUP,0.02%
"Sekisui House, Ltd.",1928,0.02%
"Sumitomo Metal Mining Co., Ltd.",5713,0.02%
Xero Limited,XRO,0.02%
Open Text Corporation,OTEX,0.02%
"ENEOS Holdings, Inc.",5020,0.02%
Coca-Cola Europacific Partners plc,CCEP,0.02%
Prysmian S.p.A.,PRY,0.02%
Royalty Pharma Plc Class A,RPRX,0.02%
"Steel Dynamics, Inc.",STLD,0.02%
"Ajinomoto Co., Inc.",2802,0.02%
Booz Allen Hamilton Holding Corporation Class A,BAH,0.02%
Newcrest Mining Limited,NCM,0.02%
"RingCentral, Inc. Class A",RNG,0.02%
Emera Incorporated,EMA,0.02%
Nordson Corporation,NDSN,0.02%
"Eisai Co., Ltd.",4523,0.02%
"DENTSPLY SIRONA, Inc.",XRAY,0.02%
Liberty Global Plc Class C,LBTYK,0.02%
TELUS Corporation,T,0.02%
Fairfax Financial Holdings Limited,FFH,0.02%
"Sompo Holdings,Inc.",8630,0.02%
CK Asset Holdings Limited,1113,0.02%
"Citrix Systems, Inc.",CTXS,0.02%
EXOR N.V.,EXO,0.02%
"Secom Co., Ltd.",9735,0.02%
CaixaBank SA,CABK,0.02%
Fortum Oyj,FORTUM,0.02%
Just Eat Takeaway.com N.V.,TKWY,0.02%
Alfa Laval AB,ALFA,0.02%
Intertek Group plc,ITRK,0.02%
Persimmon Plc,PSN,0.02%
Loblaw Companies Limited,L,0.02%
"Equity LifeStyle Properties, Inc.",ELS,0.02%
Tourmaline Oil Corp.,TOU,0.02%
Roche Holding AG,RO,0.02%
Aena SME SA,AENA,0.02%
VAT Group AG,VACN,0.02%
"Lyft, Inc. Class A",LYFT,0.02%
A.P. Moller - Maersk A/S Class A,MAERSK.A,0.02%
"Interpublic Group of Companies, Inc.",IPG,0.02%
"Nomura Research Institute,Ltd.",4307,0.02%
Edenred SA,EDEN,0.02%
Lear Corporation,LEA,0.02%
"Lucid Group, Inc.",LCID,0.02%
"Elanco Animal Health, Inc.",ELAN,0.02%
NEC Corp.,6701,0.02%
Informa Plc,INF,0.02%
Asahi Kasei Corporation,3407,0.02%
"American Financial Group, Inc.",AFG,0.02%
Suncorp Group Limited,SUN,0.02%
SUBARU CORP,7270,0.02%
Kikkoman Corporation,2801,0.02%
W. R. Berkley Corporation,WRB,0.02%
BOC Hong Kong (Holdings) Limited,2388,0.02%
Swedish Match AB,SWMA,0.02%
Brambles Limited,BXB,0.02%
Alstom SA,ALO,0.02%
Sensata Technologies Holding PLC,ST,0.02%
Snam S.p.A.,SRG,0.02%
Telia Company AB,TELIA,0.02%
Teck Resources Limited Class B,TECK.B,0.02%
Mitsubishi Chemical Holdings Corporation,4188,0.02%
Woodside Petroleum Ltd,WPL,0.02%
Associated British Foods plc,ABF,0.02%
"Mohawk Industries, Inc.",MHK,0.02%
"Tradeweb Markets, Inc. Class A",TW,0.02%
Allegion PLC,ALLE,0.02%
Chocoladefabriken Lindt & Spruengli AG,LISN,0.02%
Sonic Healthcare Limited,SHL,0.02%
"Nomura Holdings, Inc.",8604,0.02%
Auto Trader Group PLC,AUTO,0.02%
EDP-Energias de Portugal SA,EDP,0.02%
"Henry Schein, Inc.",HSIC,0.02%
UGI Corporation,UGI,0.02%
"NRG Energy, Inc.",NRG,0.02%
Sealed Air Corporation,SEE,0.02%
NiSource Inc,NI,0.02%
Carrefour SA,CA,0.02%
Terna S.p.A.,TRN,0.02%
Avalara Inc,AVLR,0.02%
Marubeni Corporation,8002,0.02%
Spirax-Sarco Engineering PLC,SPX,0.02%
Swisscom AG,SCMN,0.02%
"Ferrovial, S.A.",FER,0.02%
"Black Knight, Inc.",BKI,0.02%
Logitech International S.A.,LOGN,0.02%
Boliden AB,BOL,0.02%
"Otsuka Holdings Co., Ltd.",4578,0.02%
Exact Sciences Corporation,EXAS,0.02%
Nitto Denko Corp.,6988,0.02%
NN Group N.V.,NN,0.02%
"NEXON Co., Ltd.",3659,0.02%
Knight-Swift Transportation Holdings Inc. Class A,KNX,0.02%
Atlantia S.p.A,ATL,0.02%
"Annaly Capital Management, Inc.",NLY,0.02%
Kirkland Lake Gold Ltd.,KL,0.02%
"Arrow Electronics, Inc.",ARW,0.02%
Entain PLC,ENT,0.02%
Danske Bank A/S,DANSKE,0.02%
Toyota Industries Corp.,6201,0.02%
W. P. Carey Inc.,WPC,0.02%
BANDAI NAMCO Holdings Inc.,7832,0.02%
HelloFresh SE,HFG,0.02%
NIPPON STEEL CORP.,5401,0.02%
St. James\'s Place Plc,STJ,0.02%
Loews Corporation,L,0.02%
Las Vegas Sands Corp.,LVS,0.02%
"Sumitomo Mitsui Trust Holdings, Inc.",8309,0.02%
A. O. Smith Corporation,AOS,0.02%
ZoomInfo Technologies Inc,ZI,0.02%
Volkswagen AG,VOW,0.02%
Moncler SpA,MONC,0.02%
"Equitable Holdings, Inc.",EQH,0.02%
Santos Limited,STO,0.02%
Aegon NV,AGN,0.02%
"Essential Utilities, Inc.",WTRG,0.02%
Apollo Global Management Inc. Class A,APO,0.02%
Scentre Group,SCG,0.02%
Mosaic Company,MOS,0.02%
"Sumitomo Realty & Development Co., Ltd.",8830,0.02%
"Zillow Group, Inc. Class C",Z,0.02%
Algonquin Power & Utilities Corp.,AQN,0.02%
Burberry Group plc,BRBY,0.02%
"GoDaddy, Inc. Class A",GDDY,0.02%
Fisher & Paykel Healthcare Corporation Limited,FPH,0.02%
"Nissan Motor Co., Ltd.",7201,0.02%
Daimler Truck Holding AG,DTG,0.02%
Ramsay Health Care Limited,RHC,0.02%
Coterra Energy Inc.,CTRA,0.02%
MinebeaMitsumi Inc.,6479,0.02%
"Dynatrace, Inc.",DT,0.02%
Mondi plc,MNDI,0.02%
First Quantum Minerals Ltd.,FM,0.02%
"Juniper Networks, Inc.",JNPR,0.02%
Galaxy Entertainment Group Limited,27,0.02%
"Universal Health Services, Inc. Class B",UHS,0.02%
Singapore Telecommunications Limited TEMP,Z78,0.02%
ABN AMRO Bank NV Depositary receipts,ABN,0.01%
Bayerische Motoren Werke AG Pref,BMW3,0.01%
Northland Power Inc.,NPI,0.01%
Epiroc AB Class B,EPI.B,0.01%
M&G Plc,MNG,0.01%
"Tobu Railway Co., Ltd.",9001,0.01%
"Idemitsu Kosan Co., Ltd.",5019,0.01%
"Discovery, Inc. Class A",DISCA,0.01%
"Kintetsu Group Holdings Co., Ltd.",9041,0.01%
Swatch Group Ltd. Bearer,UHR,0.01%
Bechtle AG,BC8,0.01%
Keyera Corp.,KEY,0.01%
Southwest Airlines Co.,LUV,0.01%
Aker BP ASA,AKRBP,0.01%
AltaGas Ltd.,ALA,0.01%
Kornit Digital Ltd.,KRNT,0.01%
Uniper SE,UN01,0.01%
"HIROSE ELECTRIC CO., LTD.",6806,0.01%
NovoCure Ltd.,NVCR,0.01%
Bachem Holding AG Class B,BANB,0.01%
Azrieli Group Ltd.,AZRG,0.01%
Oji Holdings Corp.,3861,0.01%
Sofina SA,SOF,0.01%
"Yamato Holdings Co., Ltd.",9064,0.01%
"Nomura Real Estate Master Fund, Inc.",3462,0.01%
CNP Assurances SA,CNP,0.01%
Land Securities Group PLC,LAND,0.01%
Berkeley Group Holdings plc,BKG,0.01%
Tosoh Corporation,4042,0.01%
"Kansai Paint Co., Ltd.",4613,0.01%
ageas SA/NV,AGS,0.01%
Jazz Pharmaceuticals Public Limited Company,JAZZ,0.01%
Dentsu Group Inc.,4324,0.01%
Smiths Group Plc,SMIN,0.01%
Domino\'s Pizza Enterprises Limited,DMP,0.01%
Elia Group SA/NV,ELI,0.01%
TFI International Inc.,TFII,0.01%
"Chewy, Inc. Class A",CHWY,0.01%
"Yakult Honsha Co., Ltd.",2267,0.01%
Hydro One Limited,H,0.01%
"Dai Nippon Printing Co., Ltd.",7912,0.01%
Antofagasta plc,ANTO,0.01%
Azbil Corporation,6845,0.01%
Orion Oyj Class B,ORNBV,0.01%
Henderson Land Development Co. Ltd.,12,0.01%
"Square Enix Holdings Co., Ltd.",9684,0.01%
"Open House Co., Ltd.",3288,0.01%
Nihon M&A Center Holdings Inc.,2127,0.01%
George Weston Limited,WN,0.01%
TIS Inc.,3626,0.01%
"Robinhood Markets, Inc. Class A",HOOD,0.01%
Yokogawa Electric Corp.,6841,0.01%
Budweiser Brewing Co. APAC Ltd.,1876,0.01%
"Nissin Foods Holdings Co., Ltd.",2897,0.01%
Orkla ASA,ORK,0.01%
Isuzu Motors Limited,7202,0.01%
Admiral Group plc,ADM,0.01%
"Mitsubishi Heavy Industries, Ltd.",7011,0.01%
Commerzbank AG,CBK,0.01%
Infrastrutture Wireless Italiane S.p.A.,INW,0.01%
Toromont Industries Ltd.,TIH,0.01%
Suntory Beverage & Food Ltd.,2587,0.01%
"Kansai Electric Power Company, Incorporated",9503,0.01%
Origin Energy Limited,ORG,0.01%
Abrdn plc,ABDN,0.01%
JD Sports Fashion Plc,JD,0.01%
Canadian Utilities Limited Class A,CU,0.01%
"Delta Air Lines, Inc.",DAL,0.01%
"NGK Insulators, Ltd.",5333,0.01%
Empire Co. Ltd. Class A,EMP.A,0.01%
Nissan Chemical Corporation,4021,0.01%
Swiss Prime Site AG,SPSN,0.01%
CapitaLand Investment Limited,9CI,0.01%
CAE Inc.,CAE,0.01%
Israel Discount Bank Limited Class A,DSCT,0.01%
Shimizu Corporation,1803,0.01%
GLP-J REIT,3281,0.01%
"Bentley Systems, Incorporated Class B",BSY,0.01%
"IBIDEN CO., LTD.",4062,0.01%
BlackBerry Limited,BB,0.01%
"Toray Industries, Inc.",3402,0.01%
PERSOL HOLDINGS CO. LTD.,2181,0.01%
Bouygues SA,EN,0.01%
Evraz PLC,EVR,0.01%
Sodexo SA,SW,0.01%
AB Sagax Class B,SAGA.B,0.01%
"SBI Holdings, Inc.",8473,0.01%
Schindler Holding AG,SCHN,0.01%
Venture Corporation Limited,V03,0.01%
"Kakaku.com, Inc.",2371,0.01%
"Rohm Co., Ltd.",6963,0.01%
GN Store Nord A/S,GN,0.01%
Hargreaves Lansdown plc,HL,0.01%
Gjensidige Forsikring ASA,GJF,0.01%
"SITC International Holdings Co., Ltd.",1308,0.01%
Genting Singapore Limited,G13,0.01%
DaVita Inc.,DVA,0.01%
Barry Callebaut AG,BARN,0.01%
La Francaise des Jeux SA,FDJ,0.01%
"Ryohin Keikaku Co., Ltd.",7453,0.01%
APA Group,APA,0.01%
"Mcdonalds Holdings Company Japan, Ltd.",2702,0.01%
Nemetschek SE,NEM,0.01%
Wix.com Ltd.,WIX,0.01%
"CyberAgent, Inc.",4751,0.01%
"Oak Street Health, Inc.",OSH,0.01%
Nexi S.p.A.,NEXI,0.01%
"GMO Payment Gateway, Inc.",3769,0.01%
Newell Brands Inc,NWL,0.01%
"Resona Holdings, Inc.",8308,0.01%
Invesco Ltd.,IVZ,0.01%
Euronext NV,ENX,0.01%
Chow Tai Fook Jewellery Group Limited,1929,0.01%
SEB SA,SK,0.01%
Cameco Corporation,CCO,0.01%
Mitsubishi HC Capital Inc.,8593,0.01%
"T&D Holdings, Inc.",8795,0.01%
"Asahi Intecc Co., Ltd.",7747,0.01%
"Nippon Building Fund, Inc.",8951,0.01%
LANXESS AG,LXS,0.01%
"Sirius XM Holdings, Inc.",SIRI,0.01%
Keio Corporation,9008,0.01%
Coca-Cola HBC AG,CCH,0.01%
"Brother Industries, Ltd.",6448,0.01%
SoFi Technologies Inc,SOFI,0.01%
AusNet Services Limited,AST,0.01%
"Huntington Ingalls Industries, Inc.",HII,0.01%
"Canadian Tire Corporation, Limited Class A",CTC.A,0.01%
Red Electrica Corp. SA,REE,0.01%
Mapletree Logistics Trust,M44U,0.01%
Endeavour Group Ltd,EDV,0.01%
Daiwa Securities Group Inc.,8601,0.01%
"Neurocrine Biosciences, Inc.",NBIX,0.01%
"SG Holdings Co., Ltd.",9143,0.01%
ESR Cayman Ltd.,1821,0.01%
Deutsche Lufthansa AG,LHA,0.01%
Qantas Airways Limited,QAN,0.01%
Henkel AG & Co. KGaA,HEN,0.01%
Disco Corporation,6146,0.01%
CCL Industries Inc. Class B,CCL.B,0.01%
Liberty Media Corp. Series C Liberty SiriusXM,LSXMK,0.01%
Western Union Company,WU,0.01%
ICL Group Ltd.,ICL,0.01%
"Wynn Resorts, Limited",WYNN,0.01%
Quebecor Inc. Class B,QBR.B,0.01%
Lightspeed Commerce Inc,LSPD,0.01%
"Mitsui Chemicals, Inc.",4183,0.01%
Auckland International Airport Limited,AIA,0.01%
GEA Group AG,G1A,0.01%
WH Group Ltd. (HK),288,0.01%
Pan Pacific International Holdings Corporation,7532,0.01%
"Kyowa Kirin Co., Ltd.",4151,0.01%
Taylor Wimpey plc,TW,0.01%
TOPPAN INC.,7911,0.01%
Kajima Corporation,1812,0.01%
Sinch AB,SINCH,0.01%
"Toyo Suisan Kaisha, Ltd.",2875,0.01%
CK Infrastructure Holdings Limited,1038,0.01%
Orpea SA,ORP,0.01%
Carlyle Group Inc,CG,0.01%
"Sumitomo Chemical Co., Ltd.",4005,0.01%
Tele2 AB Class B,TEL2.B,0.01%
"Fuji Electric Co., Ltd.",6504,0.01%
Poste Italiane SpA,PST,0.01%
iA Financial Corporation Inc.,IAG,0.01%
Ampol Limited,ALD,0.01%
Kinnevik AB Class B,KINV.B,0.01%
Industrivarden AB Class C,INDU.C,0.01%
Clarivate PLC,CLVT,0.01%
Pearson PLC,PSON,0.01%
Hongkong Land Holdings Limited,H78,0.01%
Sydney Airport,SYD,0.01%
Kesko Oyj Class B,KESKOB,0.01%
Singapore Airlines Ltd.,C6L,0.01%
News Corporation Class A,NWSA,0.01%
DiaSorin S.p.A.,DIA,0.01%
"Discovery, Inc. Class C",DISCK,0.01%
Bollore SA,BOL,0.01%
Baloise-Holding AG,BALN,0.01%
Schibsted ASA Class B,SCHB,0.01%
Campbell Soup Company,CPB,0.01%
Brookfield Renewable Corporation Class A,BEPC,0.01%
"Naturgy Energy Group, S.A.",NTGY,0.01%
Kose Corporation,4922,0.01%
Seek Limited,SEK,0.01%
Owens Corning,OC,0.01%
Umicore,UMI,0.01%
"NIPPON EXPRESS CO., LTD.",9062,0.01%
Toyota Tsusho Corp.,8015,0.01%
New World Development Co. Ltd.,17,0.01%
Thales SA,HO,0.01%
GFL Environmental Inc,GFL,0.01%
Johnson Matthey Plc,JMAT,0.01%
Vicinity Centres,VCX,0.01%
L E Lundbergforetagen AB Class B,LUND.B,0.01%
GPT Group,GPT,0.01%
bioMerieux SA,BIM,0.01%
Aeroports de Paris SA,ADP,0.01%
Lundin Energy AB,LUNE,0.01%
Northern Star Resources Ltd,NST,0.01%
Ubisoft Entertainment SA,UBI,0.01%
"Siemens Gamesa Renewable Energy, S.A.",SGRE,0.01%
Crown Resorts Limited,CWN,0.01%
Eurazeo SA,RF,0.01%
Hakuhodo Dy Holdings Incorporated,2433,0.01%
Xinyi Glass Holdings Limited,868,0.01%
Dexus,DXS,0.01%
"Chubu Electric Power Company,Incorporated",9502,0.01%
FinecoBank SpA,FBK,0.01%
DCC Plc,DCC,0.01%
Swatch Group Ltd. Registered,UHRN,0.01%
Kurita Water Industries Ltd.,6370,0.01%
Meridian Energy Limited,MEL,0.01%
Canadian Apartment Properties Real Estate Investment Trust,CAR.UT,0.01%
"ZOZO, Inc.",3092,0.01%
Singapore Technologies Engineering Ltd,S63,0.01%
"JFE Holdings, Inc.",5411,0.01%
Wartsila Oyj Abp,WRT1V,0.01%
Seiko Epson Corp.,6724,0.01%
Fox Corporation Class B,FOX,0.01%
"Daifuku Co., Ltd.",6383,0.01%
Hang Lung Properties Limited,101,0.01%
J Sainsbury plc,SBRY,0.01%
Wendel SE,MF,0.01%
"MonotaRO Co., Ltd.",3064,0.01%
Skanska AB Class B,SKA.B,0.01%
Norsk Hydro ASA,NHY,0.01%
"TOKYO GAS Co., Ltd.",9531,0.01%
Insurance Australia Group Limited,IAG,0.01%
Yara International ASA,YAR,0.01%
"Meiji Holdings Co., Ltd.",2269,0.01%
BCE Inc.,BCE,0.01%
JSR Corp.,4185,0.01%
Great-West Lifeco Inc.,GWO,0.01%
Aisin Corporation,7259,0.01%
AMERCO,UHAL,0.01%
HOSHIZAKI Corp.,6465,0.01%
"Affirm Holdings, Inc. Class A",AFRM,0.01%
"Japan Post Bank Co., Ltd.",7182,0.01%
Remy Cointreau SA,RCO,0.01%
Molson Coors Beverage Company Class B,TAP,0.01%
NIPPON PAINT HOLDINGS CO.LTD.,4612,0.01%
Wilmar International Limited,F34,0.01%
SEI Investments Company,SEIC,0.01%
Onex Corporation,ONEX,0.01%
Tabcorp Holdings Limited,TAH,0.01%
Ambu A/S Class B,AMBU.B,0.01%
Volvo AB Class A,VOLV.A,0.01%
Accor SA,AC,0.01%
IDP Education Ltd.,IEL,0.01%
Liberty Media Corp. Series A Liberty SiriusXM,LSXMA,0.01%
Recordati Industria Chimica e Farmaceutica S.p.A.,REC,0.01%
"Capcom Co., Ltd.",9697,0.01%
AGC Inc.,5201,0.01%
Stockland,SGP,0.01%
Fastighets AB Balder Class B,BALD.B,0.01%
Mapletree Commercial Trust,N2IU,0.01%
Valeo SE,FR,0.01%
Mowi ASA,MOWI,0.01%
INPEX CORPORATION,1605,0.01%
Spark New Zealand Limited,SPK,0.01%
Nuvei Corporation,NVEI,0.01%
Getlink SE,GET,0.01%
Whitbread PLC,WTB,0.01%
Imperial Oil Limited,IMO,0.01%
"Assurant, Inc.",AIZ,0.01%
Elbit Systems Ltd,ESLT,0.01%
Aurizon Holdings Ltd.,AZJ,0.01%
Carl Zeiss Meditec AG,AFX,0.01%
Hamamatsu Photonics K.K.,6965,0.01%
"Odakyu Electric Railway Co., Ltd.",9007,0.01%
Computershare Limited,CPU,0.01%
Elisa Oyj Class A,ELISA,0.01%
Obayashi Corporation,1802,0.01%
voestalpine AG,VOE,0.01%
Demant A/S,DEMANT,0.01%
Reece Limited,REH,0.01%
Yamaha Corporation,7951,0.01%
Husqvarna AB Class B,HUSQ.B,0.01%
Globe Life Inc.,GL,0.01%
ORIX JREIT Inc.,8954,0.01%
Aroundtown SA,AT1,0.01%
Lundin Mining Corporation,LUN,0.01%
KONAMI HOLDINGS CORP,9766,0.01%
Davide Campari-Milano N.V.,CPR,0.01%
Erie Indemnity Company Class A,ERIE,0.01%
Orica Limited,ORI,0.01%
Securitas AB Class B,SECU.B,0.01%
"Hulic Co., Ltd.",3003,0.01%
TOTO Ltd,5332,0.01%
Sands China Ltd.,1928,0.01%
Medibank Private Ltd.,MPL,0.01%
SUMCO Corporation,3436,0.01%
Ivanhoe Mines Ltd. Class A,IVN,0.01%
Latour AB Investment Class B,LATO.B,0.01%
Vornado Realty Trust,VNO,0.01%
"TSURUHA Holdings, Inc.",3391,0.01%
Gecina SA,GFC,0.01%
Knorr-Bremse AG,KBX,0.01%
"Cable One, Inc.",CABO,0.01%
Evonik Industries AG,EVK,0.01%
AVEVA Group plc,AVV,0.01%
Ryman Healthcare Ltd.,RYM,0.01%
"Mercari, Inc.",4385,0.01%
Phoenix Group Holdings plc,PHNX,0.01%
Mazda Motor Corp.,7261,0.01%
Telecom Italia S.p.A.,TIT,0.01%
"Hitachi Metals, Ltd.",5486,0.01%
Kinross Gold Corporation,K,0.01%
Industrivarden AB Class A,INDU.A,0.01%
Raiffeisen Bank International AG,RBI,0.01%
Alleghany Corporation,Y,0.01%
REA Group Ltd,REA,0.01%
InMode Ltd.,INMD,0.01%
Tryg A/S,TRYG,0.01%
SUEZ SA,SEV,0.01%
"Ricoh Company, Ltd.",7752,0.01%
Wharf Real Estate Investment Co. Ltd.,1997,0.01%
"Concordia Financial Group, Ltd.",7186,0.01%
Clariant AG,CLN,0.01%
Parkland Corporation,PKI,0.01%
Adecco Group AG,ADEN,0.01%
Vifor Pharma AG,VIFN,0.01%
Tenaris S.A.,TEN,0.01%
United Internet AG,UTDI,0.01%
Aramark,ARMK,0.01%
West Fraser Timber Co. Ltd.,WFG,0.01%
Sunrun Inc.,RUN,0.01%
Trend Micro Incorporated,4704,0.01%
Saputo Inc.,SAP,0.01%
"Hankyu Hanshin Holdings, Inc.",9042,0.01%
Treasury Wine Estates Limited,TWE,0.01%
Liberty Global Plc Class A,LBTYA,0.01%
TMX Group Ltd.,X,0.01%
"Koito Manufacturing Co., Ltd.",7276,0.01%
Actividades de Construccion y Servicios SA,ACS,0.01%
GALP Energia SGPS SA Class B,GALP,0.01%
HKT Trust and HKT Ltd,6823,0.01%
"Yamaha Motor Co., Ltd.",7272,0.01%
Sino Land Co. Ltd.,83,0.01%
MTR Corporation Limited,66,0.01%
Wisetech Global Ltd.,WTC,0.01%
"Shizuoka Bank, Ltd.",8355,0.01%
Liberty Broadband Corp. Class A,LBRDA,0.01%
West Japan Railway Company,9021,0.01%
Lifco AB Class B,LIFCO.B,0.01%
EMS-CHEMIE HOLDING AG,EMSN,0.01%
"Kobayashi Pharmaceutical Co., Ltd.",4967,0.01%
Washington H. Soul Pattinson and Co. Ltd.,SOL,0.01%
Pan American Silver Corp.,PAAS,0.01%
"Nippon Prologis REIT, Inc.",3283,0.01%
DISH Network Corporation Class A,DISH,0.01%
"Rakuten Group, Inc.",4755,0.01%
VERBUND AG Class A,VER,0.01%
Mediobanca S.p.A.,MB,0.01%
Makita Corporation,6586,0.01%
FirstService Corp,FSV,0.01%
SKF AB Class B,SKF.B,0.01%
Japan Real Estate Investment Corp.,8952,0.01%
"Jeronimo Martins, SGPS S.A.",JMT,0.01%
Randstad NV,RAND,0.01%
"Unity Software, Inc.",U,0.01%
"Kobe Bussan Co., Ltd.",3038,0.01%
"Sekisui Chemical Co., Ltd.",4204,0.01%
CapitaLand Integrated Commercial Trust,C38U,0.01%
Covivio SA,COV,0.01%
Renault SA,RNO,0.01%
"Tokyo Electric Power Company Holdings, Incorporated",9501,0.01%
Electrolux AB Class B,ELUX.B,0.01%
Mizrahi Tefahot Bank Ltd,MZTF,0.01%
Toho Co. Ltd.,9602,0.01%
TAISEI CORP,1801,0.01%
IPG Photonics Corporation,IPGP,0.01%
AGNC Investment Corp.,AGNC,0.01%
Ritchie Bros. Auctioneers Incorporated,RBA,0.01%
OMV AG,OMV,0.01%
Ipsen SA,IPN,0.01%
British Land Company PLC,BLND,0.01%
"Asana, Inc. Class A",ASAN,0.01%
Bausch Health Companies Inc.,BHC,0.01%
Schroders PLC,SDR,0.01%
Embracer Group AB Class B,EMBRAC.B,0.01%
Chr. Hansen Holding A/S,CHR,0.01%
Japan Metropolitan Fund Investment Corporation,8953,0.01%
Electricite de France SA,EDF,0.01%
Amundi SA,AMUN,0.01%
Solvay SA,SOLB,0.01%
RATIONAL AG,RAA,0.01%
"Zillow Group, Inc. Class A",ZG,0.01%
Klepierre SA,LI,0.01%
TOKYU CORPORATION,9005,0.01%
"Grifols, S.A. Class A",GRF,0.01%
Amplifon S.p.A.,AMP,0.01%
Otsuka Corporation,4768,0.01%
Rockwool International A/S Class B,ROCK.B,0.01%
Scout24 SE,G24,0.01%
Daiwa House REIT Investment Corporation,8984,0.01%
"Dropbox, Inc. Class A",DBX,0.01%
"Guidewire Software, Inc.",GWRE,0.01%
Ascendas Real Estate Investment Trust,A17U,0.01%
Hikma Pharmaceuticals Plc,HIK,0.01%
Gildan Activewear Inc.,GIL,0.01%
"Rollins, Inc.",ROL,0.01%
Adevinta ASA,ADE,0.01%
Mirvac Group,MGR,0.01%
Faurecia SA,EO,0.01%
CyberArk Software Ltd.,CYBR,0.01%
Keppel Corporation Limited,BN4,0.01%
EDP Renovaveis SA,EDPR,0.01%
"Osaka Gas Co., Ltd.",9532,0.01%
"Daito Trust Construction Co., Ltd.",1878,0.01%
HEICO Corporation,HEI,0.01%
KION GROUP AG,KGX,0.01%
Eiffage SA,FGR,0.01%
DraftKings Inc Class A,DKNG,0.01%
Lendlease Group,LLC,0.01%
LIXIL Corporation,5938,0.01%
Fiverr International Ltd.,FVRR,0.01%
Bluescope Steel Limited,BSL,0.01%
Endesa S.A.,ELE,0.01%
Evolution Mining Limited,EVN,0.01%
"Santen Pharmaceutical Co., Ltd.",4536,0.01%
Arkema SA,AKE,0.01%
Unibail-Rodamco-Westfield SE Stapled Secs Cons of 1 Sh Unibail Rodamco + 1 Sh WFD Unib Rod,URW,0.01%
Futu Holdings Ltd. Sponsored ADR Class A,FUTU,0.0%
Melco Resorts & Entertainment Limited Sponsored ADR,MLCO,0.0%
Fuchs Petrolub SE Pref,FPE3,0.0%
Nisshin Seifun Group Inc.,2002,0.0%
"Iida Group Holdings Co., Ltd.",3291,0.0%
InPost S.A.,INPST,0.0%
Rinnai Corporation,5947,0.0%
Isracard Ltd.,ISCD,0.0%
"Chiba Bank, Ltd.",8331,0.0%
IGM Financial Inc.,IGM,0.0%
"Miura Co., Ltd.",6005,0.0%
Magellan Financial Group Ltd,MFG,0.0%
Swire Properties Limited,1972,0.0%
"Sohgo Security Services Co., Ltd.",2331,0.0%
"Nippon Shinyaku Co., Ltd.",4516,0.0%
"Taisho Pharmaceutical Holdings Co., Ltd.",4581,0.0%
"Mitsubishi Gas Chemical Company, Inc.",4182,0.0%
Schibsted Asa Class A,SCHA,0.0%
SCSK Corporation,9719,0.0%
Nippon Sanso Holdings Corporation,4091,0.0%
Oracle Corporation Japan,4716,0.0%
"JAPAN POST INSURANCE Co., Ltd.",7181,0.0%
Tokyo Century Corporation,8439,0.0%
"Nomura Real Estate Holdings, Inc.",3231,0.0%
"Keisei Electric Railway Co., Ltd.",9009,0.0%
"ITO EN,Ltd.",2593,0.0%
Sharp Corporation,6753,0.0%
"Lawson, Inc.",2651,0.0%
Proximus SA de droit public,PROX,0.0%
Ballard Power Systems Inc.,BLDP,0.0%
ANA Holdings Inc.,9202,0.0%
HK Electric Investments & HK Electric Investments Ltd.,2638,0.0%
Etablissementen Franz Colruyt N.V.,COLR,0.0%
"USS Co., Ltd.",4732,0.0%
"Hitachi Construction Machinery Co., Ltd.",6305,0.0%
Dassault Aviation SA,AM,0.0%
"Hino Motors,Ltd.",7205,0.0%
UOL Group Limited,U14,0.0%
"Welcia Holdings Co., Ltd.",3141,0.0%
Singapore Exchange Ltd.,S68,0.0%
Lion Corporation,4912,0.0%
Enagas SA,ENG,0.0%
Medipal Holdings Corporation,7459,0.0%
Air Canada,AC,0.0%
City Developments Limited,C09,0.0%
"Stanley Electric Co., Ltd.",6923,0.0%
JDE Peet\'s NV,JDEP,0.0%
"Koei Tecmo Holdings Co., Ltd.",3635,0.0%
"Upstart Holdings, Inc.",UPST,0.0%
Mercury NZ Ltd.,MCY,0.0%
"Hikari Tsushin, Inc.",9435,0.0%
RioCan Real Estate Investment Trust,REI.UT,0.0%
Sumitomo Dainippon Pharma Co. Ltd.,4506,0.0%
Benefit One Inc.,2412,0.0%
Telefonica Deutschland Holding AG,O2D,0.0%
Swire Pacific Limited Class A,19,0.0%
Canopy Growth Corporation,WEED,0.0%
COSMOS Pharmaceutical Corporation,3349,0.0%
Pola Orbis Holdings Inc.,4927,0.0%
Itochu Techno-Solutions Corporation,4739,0.0%
"Japan Airlines Co., Ltd.",9201,0.0%
